Hidden,Layers,Learning Rate,Keep Probability,Epochs,Batch Size,Average Score
50,1,0.001,0.5,25,25,0.741333303
50,2,0.001,0.75,25,100,0.717790184
25,3,0.001,0.5,45,50,0.711935165
50,3,0.001,0.5,25,50,0.708023808
25,3,0.001,0.5,65,100,0.707731586
50,3,0.001,0.5,65,100,0.706131092
10,2,0.001,0.5,65,50,0.705699488
10,1,0.001,0.75,25,25,0.705420723
25,2,0.001,0.5,45,50,0.705026608
50,1,0.0001,0.5,65,25,0.703034882
10,1,0.001,0.5,45,50,0.700493317
50,3,0.001,0.5,25,25,0.699375375
50,1,0.001,0.5,25,50,0.698563112
50,1,0.0001,0.75,65,25,0.698539081
25,2,0.001,0.75,25,100,0.698386241
10,1,0.001,0.5,65,50,0.698359326
25,2,0.001,0.5,65,50,0.698359326
25,1,0.001,0.5,45,100,0.696734801
10,1,0.001,0.75,25,50,0.696456036
10,1,0.001,0.5,65,100,0.696150356
50,3,0.001,0.5,25,100,0.696112867
25,2,0.001,0.5,25,25,0.695134307
25,2,0.001,0.5,45,100,0.69456332
25,1,0.001,0.5,45,50,0.693826035
50,2,0.001,0.5,45,50,0.693533813
50,2,0.001,0.5,65,50,0.693190644
50,3,0.0001,0.75,65,25,0.692646573
50,2,0.001,0.5,45,100,0.692429328
25,2,0.001,0.75,25,50,0.692099617
50,2,0.001,0.5,65,100,0.690777888
10,1,0.001,0.5,25,25,0.690220359
50,3,0.0001,0.9,65,25,0.689839701
10,2,0.001,0.5,25,25,0.689357149
50,2,0.001,0.5,25,50,0.689343692
50,3,0.001,0.5,45,50,0.689330234
10,2,0.001,0.75,45,25,0.688365132
10,1,0.001,0.9,65,100,0.687984474
25,1,0.001,0.5,25,100,0.687389455
50,1,0.001,0.5,45,100,0.687070318
10,2,0.001,0.5,45,50,0.686981882
25,2,0.001,0.75,45,50,0.686434927
10,3,0.001,0.5,65,100,0.684276904
25,3,0.001,0.5,45,100,0.684137521
25,1,0.001,0.5,25,25,0.683692459
50,2,0.001,0.5,25,25,0.682384188
50,3,0.001,0.75,25,100,0.681915094
50,3,0.001,0.5,45,100,0.681660361
25,2,0.001,0.5,25,100,0.681320076
50,2,0.001,0.9,45,50,0.681266245
25,1,0.001,0.75,45,100,0.680746205
10,2,0.001,0.9,45,100,0.680657769
50,3,0.001,0.75,65,100,0.680542418
10,2,0.001,0.5,65,25,0.678802542
25,2,0.001,0.5,25,50,0.677724973
10,1,0.001,0.5,45,25,0.677647111
10,2,0.001,0.75,45,50,0.677470239
10,2,0.001,0.75,25,100,0.677408719
25,1,0.001,0.5,65,50,0.677405835
50,1,0.001,0.75,45,100,0.677025177
25,2,0.0001,0.75,65,25,0.676684892
50,1,0.001,0.75,45,50,0.67614851
25,1,0.001,0.75,25,100,0.676137937
50,1,0.001,0.5,25,100,0.675985097
50,3,0.001,0.75,25,25,0.675285301
10,1,0.001,0.5,45,100,0.67526127
10,3,0.001,0.5,45,100,0.67526127
25,2,0.001,0.5,65,100,0.67480275
10,3,0.001,0.75,45,50,0.674422092
10,2,0.001,0.75,65,100,0.673888594
10,3,0.001,0.5,65,50,0.673253203
10,3,0.001,0.75,65,50,0.672770652
25,1,0.0001,0.75,65,25,0.67253226
25,3,0.001,0.75,25,50,0.672403451
25,3,0.001,0.5,25,100,0.672328473
25,3,0.0001,0.75,65,25,0.671947815
50,1,0.001,0.75,25,25,0.671322998
25,1,0.001,0.75,25,25,0.670510735
50,3,0.0001,0.5,65,25,0.670449215
10,1,0.0001,0.75,65,25,0.670309833
10,2,0.001,0.5,45,25,0.669875344
25,1,0.001,0.5,25,50,0.669470655
50,1,0.0001,0.9,65,25,0.668937157
50,2,0.0001,0.9,65,50,0.66867185
50,2,0.001,0.5,25,100,0.668556499
50,3,0.001,0.75,25,50,0.668047032
10,2,0.001,0.5,45,100,0.667934565
50,1,0.001,0.9,45,50,0.667652917
50,2,0.001,0.75,65,100,0.666446539
25,3,0.001,0.5,65,50,0.666395592
25,2,0.0001,0.9,45,25,0.665929382
50,3,0.001,0.5,45,25,0.665620819
25,1,0.001,0.5,45,25,0.66543049
10,2,0.001,0.75,25,50,0.665280533
10,3,0.001,0.9,65,50,0.664757609
50,1,0.0001,0.5,45,25,0.664519217
10,2,0.001,0.75,45,100,0.664492302
25,3,0.001,0.5,45,25,0.663931889
10,1,0.001,0.9,25,25,0.663805964
50,2,0.0001,0.9,65,25,0.663336871
50,1,0.0001,0.9,45,25,0.662779341
50,2,0.0001,0.5,65,50,0.662690906
50,3,0.001,0.75,45,100,0.662586129
25,3,0.001,0.9,25,100,0.662562097
10,3,0.001,0.5,45,50,0.662497693
10,1,0.001,0.75,25,100,0.662436173
25,2,0.001,0.75,65,100,0.661379751
50,1,0.001,0.75,25,100,0.661202879
25,3,0.001,0.9,25,25,0.660948146
25,2,0.0001,0.5,65,25,0.660849136
10,3,0.0001,0.5,65,25,0.660621318
10,2,0.001,0.75,65,50,0.660604977
25,2,0.001,0.75,25,25,0.660516541
50,1,0.001,0.5,65,100,0.660363701
50,1,0.001,0.5,45,50,0.660122426
10,3,0.001,0.9,25,50,0.659806172
25,2,0.001,0.75,45,100,0.659602385
25,3,0.001,0.5,25,25,0.659272674
50,1,0.0001,0.75,65,50,0.658677656
50,1,0.0001,0.5,65,100,0.658449838
25,1,0.0001,0.5,65,50,0.658347944
25,3,0.0001,0.9,65,25,0.658181647
25,3,0.001,0.5,25,50,0.657926914
10,2,0.0001,0.9,65,25,0.6577635
10,1,0.001,0.5,25,100,0.657712553
25,3,0.001,0.75,25,25,0.657570287
25,2,0.001,0.75,65,50,0.657366501
10,3,0.001,0.75,65,100,0.656948354
25,2,0.001,0.9,65,50,0.65669362
50,2,0.0001,0.75,65,50,0.656608068
10,2,0.001,0.5,25,50,0.656353335
50,2,0.001,0.75,45,100,0.65602074
10,3,0.001,0.5,25,25,0.655996709
50,1,0.001,0.9,25,100,0.655983251
10,3,0.001,0.75,25,25,0.655843869
10,2,0.001,0.5,65,100,0.655551646
25,1,0.001,0.9,45,50,0.655487242
50,2,0.001,0.75,25,50,0.655449753
50,2,0.001,0.9,25,100,0.655310371
10,3,0.001,0.9,25,100,0.654460619
10,1,0.001,0.5,25,50,0.65427029
25,3,0.001,0.9,45,100,0.654192428
50,2,0.0001,0.5,65,25,0.653940579
25,2,0.0001,0.5,65,50,0.653726218
10,2,0.001,0.9,65,100,0.653278273
10,1,0.001,0.9,45,25,0.653264815
25,2,0.001,0.5,65,25,0.653162922
50,1,0.001,0.5,45,25,0.652490041
25,3,0.001,0.75,65,50,0.652299712
50,1,0.001,0.75,65,25,0.651715268
50,3,0.0001,0.75,45,25,0.65138844
25,3,0.0001,0.75,45,50,0.651123133
50,1,0.0001,0.9,65,50,0.650994325
50,3,0.0001,0.9,65,100,0.6508684
50,3,0.0001,0.9,45,50,0.650576178
25,3,0.001,0.9,65,100,0.650420454
25,3,0.001,0.9,65,50,0.650077285
50,2,0.001,0.9,25,50,0.64979852
25,1,0.001,0.9,25,25,0.649747574
10,2,0.001,0.9,25,25,0.64927848
50,2,0.0001,0.75,65,25,0.649240991
25,1,0.001,0.5,65,100,0.649074694
50,3,0.0001,0.75,65,50,0.648924737
10,1,0.001,0.9,25,100,0.648860333
10,3,0.001,0.75,25,100,0.648683462
10,2,0.001,0.9,25,50,0.648224942
10,3,0.001,0.9,45,100,0.647728933
25,3,0.001,0.75,45,100,0.647677986
25,1,0.001,0.75,25,50,0.647487657
50,3,0.0001,0.5,45,25,0.647439595
50,1,0.001,0.5,65,50,0.647372307
25,3,0.001,0.9,45,25,0.647181978
50,1,0.0001,0.5,45,50,0.646766714
25,3,0.0001,0.75,45,25,0.646474492
25,2,0.0001,0.75,25,25,0.646348567
25,2,0.001,0.75,45,25,0.646165928
50,3,0.001,0.75,65,50,0.646165928
25,1,0.001,0.75,65,50,0.645442102
25,3,0.001,0.75,45,25,0.645200826
25,3,0.001,0.9,25,50,0.645074901
25,3,0.001,0.75,65,25,0.644184777
25,1,0.0001,0.9,45,25,0.644061736
50,2,0.001,0.5,45,25,0.643702226
10,3,0.001,0.9,25,25,0.643576301
50,3,0.001,0.9,25,100,0.643576301
10,1,0.001,0.5,65,25,0.643029345
25,2,0.001,0.5,45,25,0.643029345
50,3,0.001,0.5,65,50,0.642254572
50,1,0.001,0.9,45,25,0.642013296
10,3,0.001,0.5,25,50,0.641723958
25,2,0.001,0.9,25,25,0.641683585
50,1,0.001,0.9,45,100,0.641683585
50,2,0.0001,0.75,45,25,0.641598033
25,1,0.001,0.9,45,25,0.641530745
25,1,0.0001,0.75,65,100,0.641472108
50,1,0.001,0.9,65,50,0.641048194
50,2,0.0001,0.75,25,25,0.640442601
25,1,0.0001,0.9,65,25,0.64032725
25,1,0.001,0.75,45,25,0.640324367
25,1,0.001,0.5,65,25,0.64027342
50,3,0.001,0.9,45,50,0.640134038
50,1,0.001,0.9,25,25,0.639702433
50,3,0.001,0.75,45,50,0.639651486
25,1,0.0001,0.5,65,100,0.639490956
10,2,0.001,0.9,25,100,0.638930543
10,2,0.0001,0.9,45,25,0.638423961
50,3,0.001,0.9,65,50,0.638343215
25,1,0.001,0.75,65,100,0.637962557
50,2,0.0001,0.9,45,25,0.637571325
10,2,0.001,0.9,45,50,0.637289677
25,3,0.0001,0.9,45,50,0.637166636
25,3,0.0001,0.5,65,25,0.636898445
25,1,0.001,0.75,45,50,0.636807126
10,3,0.0001,0.9,65,25,0.636327458
50,1,0.0001,0.75,45,25,0.636086183
50,2,0.0001,0.5,45,25,0.636086183
25,1,0.001,0.9,65,50,0.635981405
25,1,0.0001,0.9,65,50,0.635844907
25,2,0.0001,0.75,45,25,0.635807418
25,3,0.001,0.75,25,100,0.635678609
50,2,0.0001,0.9,65,100,0.635617089
10,3,0.001,0.5,25,100,0.635172027
25,2,0.0001,0.9,65,100,0.634995155
10,3,0.0001,0.9,45,25,0.634944209
50,3,0.0001,0.9,25,25,0.63475388
50,2,0.0001,0.75,45,50,0.634702933
25,3,0.001,0.75,45,50,0.634584698
50,2,0.001,0.75,25,25,0.634343423
10,2,0.0001,0.75,65,25,0.634257871
10,2,0.001,0.75,65,25,0.633758978
50,1,0.0001,0.75,25,25,0.633014004
50,2,0.001,0.75,65,50,0.632742929
10,3,0.001,0.75,45,100,0.632147911
10,2,0.001,0.9,65,50,0.631930666
10,2,0.0001,0.5,45,25,0.63187203
25,2,0.001,0.9,45,25,0.631777826
50,2,0.0001,0.9,45,50,0.631654786
50,3,0.001,0.75,45,25,0.631536551
50,1,0.001,0.75,25,50,0.630826182
10,3,0.001,0.9,65,25,0.630812724
50,1,0.0001,0.75,45,50,0.63074063
25,3,0.001,0.9,45,50,0.630673342
50,1,0.0001,0.9,25,25,0.630258078
50,2,0.001,0.9,45,100,0.630241737
25,3,0.001,0.5,65,25,0.63003795
25,1,0.0001,0.9,45,50,0.630016803
50,3,0.001,0.9,25,50,0.629759186
50,3,0.001,0.5,65,25,0.629555399
25,1,0.0001,0.5,65,25,0.629520794
10,2,0.001,0.75,25,25,0.629341039
25,3,0.0001,0.75,65,50,0.629242029
25,1,0.0001,0.75,45,25,0.629177625
25,1,0.0001,0.5,45,25,0.629102647
50,3,0.0001,0.5,45,50,0.629014211
25,1,0.001,0.9,45,100,0.628654701
50,3,0.001,0.75,65,25,0.628349021
25,2,0.001,0.9,25,50,0.628274043
50,3,0.0001,0.5,65,50,0.628124087
25,3,0.0001,0.5,65,100,0.627654993
25,2,0.001,0.9,45,50,0.627485812
50,3,0.0001,0.5,45,100,0.626856188
50,2,0.0001,0.9,25,25,0.626537051
10,3,0.001,0.5,65,25,0.626418816
50,1,0.001,0.5,65,25,0.626126594
50,1,0.001,0.75,65,50,0.625936265
50,2,0.001,0.9,25,25,0.625796882
10,1,0.001,0.75,45,50,0.625467171
50,2,0.0001,0.75,65,100,0.625330673
10,2,0.001,0.9,45,25,0.625263385
25,2,0.0001,0.75,45,100,0.624963472
50,1,0.001,0.75,65,100,0.624780833
10,3,0.001,0.9,45,50,0.624743344
10,2,0.001,0.5,25,100,0.624226188
50,1,0.0001,0.5,25,25,0.623896476
25,2,0.0001,0.9,65,25,0.623767668
25,2,0.0001,0.5,45,50,0.623743636
25,2,0.001,0.75,65,25,0.623713837
25,3,0.0001,0.5,45,50,0.623706147
25,3,0.0001,0.9,45,25,0.623679232
50,3,0.001,0.9,45,100,0.623384126
25,1,0.001,0.9,25,100,0.623360095
10,3,0.001,0.75,45,25,0.62333318
10,1,0.0001,0.5,45,25,0.62301981
25,2,0.001,0.9,45,100,0.623003468
50,3,0.0001,0.9,65,50,0.622992894
50,1,0.0001,0.9,25,50,0.622982321
10,1,0.0001,0.9,65,25,0.62286697
10,3,0.001,0.9,65,100,0.622813139
25,3,0.001,0.9,65,25,0.622748735
50,2,0.001,0.75,65,25,0.622748735
25,2,0.001,0.9,65,100,0.622609353
25,1,0.001,0.9,25,50,0.622432481
50,3,0.001,0.9,45,25,0.622075855
25,2,0.0001,0.5,65,100,0.621775942
50,1,0.0001,0.5,65,50,0.621609645
50,1,0.001,0.75,45,25,0.621301081
25,3,0.0001,0.75,25,25,0.621242445
25,3,0.0001,0.5,45,25,0.620695489
50,1,0.001,0.9,65,25,0.620577254
50,2,0.001,0.5,65,25,0.620285032
50,1,0.001,0.9,25,50,0.620057214
10,3,0.0001,0.75,65,50,0.619958205
50,1,0.0001,0.75,45,100,0.619947631
25,2,0.0001,0.75,65,100,0.619845737
25,2,0.0001,0.5,45,25,0.619591004
50,2,0.001,0.9,65,50,0.619370876
50,2,0.0001,0.5,25,25,0.619020017
10,1,0.001,0.75,65,100,0.618660507
50,2,0.001,0.75,45,25,0.618405774
25,1,0.001,0.9,65,25,0.618113551
25,1,0.0001,0.75,65,50,0.618092404
50,3,0.0001,0.9,45,25,0.616910057
25,1,0.0001,0.75,45,100,0.616811048
10,3,0.001,0.9,45,25,0.616526515
10,1,0.0001,0.9,45,25,0.616403474
25,2,0.0001,0.75,65,50,0.616301581
10,2,0.001,0.9,65,25,0.616234293
50,3,0.0001,0.75,45,50,0.616009359
25,2,0.0001,0.75,45,50,0.615438372
25,2,0.0001,0.75,25,50,0.615071172
10,1,0.001,0.9,65,25,0.614253141
50,2,0.001,0.9,45,25,0.614253141
10,1,0.0001,0.5,65,50,0.614092611
10,1,0.001,0.75,65,50,0.613872483
10,3,0.001,0.5,45,25,0.613872483
25,1,0.001,0.9,65,100,0.612958328
25,3,0.001,0.75,65,100,0.612666105
10,2,0.0001,0.75,65,50,0.6126315
25,2,0.0001,0.9,65,50,0.6126315
25,2,0.001,0.9,65,25,0.61227199
10,1,0.001,0.75,45,100,0.612108576
10,3,0.0001,0.5,45,50,0.611972077
10,3,0.0001,0.5,45,25,0.611642366
50,2,0.0001,0.5,65,100,0.610956028
50,3,0.0001,0.5,25,25,0.610905082
50,2,0.001,0.9,65,25,0.610824336
50,1,1.00E-05,0.9,45,25,0.610486935
10,1,0.001,0.9,45,50,0.610355242
10,3,0.001,0.75,25,50,0.609950553
10,1,0.001,0.75,45,25,0.609719851
25,2,0.001,0.9,25,100,0.608730717
25,3,0.0001,0.75,65,100,0.608580761
25,2,0.0001,0.9,45,50,0.607731009
50,3,0.001,0.9,25,25,0.605808494
50,2,0.001,0.9,65,100,0.605567219
50,2,0.001,0.75,45,50,0.605274997
50,2,0.0001,0.75,25,100,0.604580969
10,3,0.001,0.75,65,25,0.604017672
50,2,0.0001,0.9,45,100,0.604009982
50,3,0.0001,0.9,45,100,0.603082368
50,3,0.0001,0.5,65,100,0.602688253
50,1,0.0001,0.9,65,100,0.60254887
50,1,0.0001,0.9,45,100,0.602168212
10,1,0.001,0.9,45,100,0.602012489
50,1,0.0001,0.9,45,50,0.60187599
25,1,0.001,0.75,65,25,0.601553969
50,2,0.0001,0.75,45,100,0.600669612
50,3,0.0001,0.75,45,100,0.600669612
10,3,0.0001,0.75,45,25,0.600238007
50,3,0.001,0.9,65,25,0.599814093
50,1,0.0001,0.75,25,50,0.599704509
10,1,1.00E-05,0.9,65,25,0.599310394
10,2,0.0001,0.5,65,25,0.599171012
10,3,0.0001,0.9,25,50,0.597672411
25,1,0.0001,0.9,25,25,0.597634922
50,2,0.0001,0.5,45,50,0.597482082
25,3,0.0001,0.5,25,25,0.597291753
25,3,0.0001,0.75,45,100,0.59580661
10,2,0.0001,0.75,25,50,0.595364432
50,1,0.001,0.9,65,100,0.595280803
25,3,0.0001,0.5,65,50,0.594967433
50,1,0.0001,0.5,25,50,0.593672619
10,1,0.001,0.9,25,50,0.593669735
25,1,0.0001,0.9,65,100,0.593621672
50,1,0.0001,0.5,45,100,0.592999739
10,1,1.00E-05,0.75,65,25,0.591779903
25,3,0.0001,0.5,45,100,0.59173184
25,3,0.0001,0.9,65,50,0.591436734
25,3,0.0001,0.9,25,50,0.590828258
10,2,0.0001,0.75,65,100,0.590573525
10,3,0.0001,0.9,65,50,0.589367147
50,3,0.0001,0.5,25,100,0.588758671
10,1,0.001,0.9,65,50,0.588525085
50,3,0.001,0.9,65,100,0.588474138
25,3,0.0001,0.9,25,25,0.588452991
50,3,0.0001,0.5,25,50,0.588021386
10,1,0.0001,0.5,45,50,0.587983897
50,2,0.0001,0.5,25,50,0.58793295
50,3,0.0001,0.75,65,100,0.58726007
25,2,0.0001,0.5,25,50,0.586828466
10,3,1.00E-05,0.75,65,25,0.585431758
10,1,0.001,0.75,65,25,0.585286609
25,3,0.0001,0.9,65,100,0.58478291
25,1,0.0001,0.5,45,50,0.583970647
10,1,0.0001,0.5,65,25,0.583906243
10,1,0.0001,0.9,65,50,0.583539042
25,2,0.0001,0.5,25,25,0.583209331
25,2,0.0001,0.9,45,100,0.582930566
10,3,0.0001,0.5,65,100,0.580236162
10,3,0.0001,0.5,65,50,0.579512335
10,3,0.0001,0.75,45,50,0.578649126
25,3,0.0001,0.9,45,100,0.578383819
10,1,0.0001,0.75,45,25,0.577748427
50,3,0.0001,0.75,25,25,0.577544641
10,3,0.0001,0.5,45,100,0.577289908
10,2,0.0001,0.5,45,100,0.576922707
25,1,0.0001,0.9,45,100,0.576592996
10,1,0.0001,0.75,65,50,0.576300774
10,1,1.00E-05,0.9,65,100,0.576185423
10,3,0.0001,0.75,65,100,0.576123902
10,3,0.0001,0.9,65,100,0.575995094
50,2,1.00E-05,0.9,45,25,0.575426991
25,1,0.0001,0.75,45,50,0.574357111
10,2,0.0001,0.9,45,100,0.573558306
10,2,0.0001,0.75,25,25,0.57331703
10,3,0.0001,0.5,25,50,0.571601186
25,1,0.0001,0.5,25,25,0.57135991
25,1,1.00E-05,0.75,25,25,0.57104654
50,2,0.0001,0.75,25,50,0.570561105
10,1,1.00E-05,0.9,65,50,0.570394808
50,3,0.0001,0.9,25,100,0.570180447
25,1,0.0001,0.75,25,25,0.569925714
25,1,1.00E-05,0.9,65,50,0.56960946
10,1,1.00E-05,0.9,25,25,0.568464603
10,1,1.00E-05,0.75,25,25,0.567740776
10,1,0.0001,0.9,65,100,0.567424522
50,3,1.00E-05,0.75,65,100,0.567309171
25,3,0.0001,0.5,25,50,0.567244767
10,2,0.0001,0.9,25,50,0.566928513
50,1,0.0001,0.9,25,100,0.566687238
10,3,1.00E-05,0.9,25,50,0.566625717
25,3,0.0001,0.5,25,100,0.566547855
10,2,0.0001,0.9,65,100,0.565824028
50,1,0.0001,0.75,65,100,0.565620242
10,1,1.00E-05,0.5,25,50,0.56532802
25,1,1.00E-05,0.5,45,25,0.56532802
25,2,1.00E-05,0.5,65,25,0.565239584
25,1,1.00E-05,0.75,45,25,0.564111068
50,1,1.00E-05,0.9,65,25,0.563995717
25,1,1.00E-05,0.75,25,50,0.563896707
25,3,0.0001,0.75,25,50,0.563754441
10,1,1.00E-05,0.9,45,50,0.563346868
25,1,0.0001,0.9,25,100,0.56327189
50,2,1.00E-05,0.9,65,25,0.561926129
50,2,1.00E-05,0.75,25,100,0.560403497
50,3,0.0001,0.9,25,50,0.560363125
25,3,1.00E-05,0.9,25,25,0.559971893
10,2,1.00E-05,0.5,45,25,0.559693128
25,3,1.00E-05,0.5,65,25,0.559550862
10,3,0.0001,0.75,25,50,0.559041396
10,2,0.0001,0.9,25,25,0.55741687
10,1,0.0001,0.75,25,50,0.557341892
10,3,1.00E-05,0.5,45,25,0.556950661
25,2,0.0001,0.9,25,25,0.556794937
10,2,1.00E-05,0.75,25,50,0.556655555
25,3,0.0001,0.75,25,100,0.556502715
10,3,0.0001,0.75,65,25,0.556095141
10,2,0.0001,0.75,25,100,0.556033621
25,1,1.00E-05,0.5,65,100,0.555792345
50,2,1.00E-05,0.5,25,100,0.555714483
50,2,1.00E-05,0.75,65,50,0.555591443
50,1,1.00E-05,0.75,65,100,0.554942594
10,2,0.0001,0.75,45,100,0.554762839
10,1,0.0001,0.75,45,50,0.554293745
25,2,1.00E-05,0.9,65,50,0.553658354
10,1,0.0001,0.75,25,100,0.55266922
10,2,0.0001,0.75,45,25,0.55236354
50,3,1.00E-05,0.75,65,25,0.552248189
10,1,0.0001,0.9,25,50,0.550966833
50,2,0.0001,0.5,45,100,0.550508313
25,1,0.0001,0.9,25,50,0.550355473
50,2,0.0001,0.9,25,100,0.550331442
10,2,0.0001,0.5,65,100,0.550127655
25,1,1.00E-05,0.9,45,25,0.549291361
25,3,1.00E-05,0.9,65,100,0.549250988
10,2,0.0001,0.9,65,50,0.549111606
25,2,0.0001,0.9,25,100,0.548972224
10,1,0.0001,0.5,25,100,0.548326258
25,1,1.00E-05,0.9,25,25,0.547881196
50,2,0.0001,0.5,25,100,0.547106423
10,3,0.0001,0.9,25,100,0.546508521
10,2,1.00E-05,0.9,65,100,0.546460458
10,1,1.00E-05,0.9,25,100,0.546403744
50,3,1.00E-05,0.5,65,100,0.546372022
50,3,1.00E-05,0.9,45,25,0.546154778
50,3,0.0001,0.75,25,100,0.545645311
50,2,1.00E-05,0.9,65,50,0.545570333
25,2,0.0001,0.9,25,50,0.545404036
50,1,1.00E-05,0.9,25,25,0.544873422
25,3,1.00E-05,0.5,45,25,0.544007329
10,1,1.00E-05,0.5,65,100,0.543749712
50,1,1.00E-05,0.75,65,25,0.543640128
25,3,1.00E-05,0.5,25,25,0.543275812
50,1,1.00E-05,0.75,25,25,0.54283844
50,1,1.00E-05,0.9,65,100,0.542328973
50,3,1.00E-05,0.5,45,50,0.542154985
25,3,1.00E-05,0.9,45,50,0.541739722
50,1,1.00E-05,0.5,25,50,0.541339839
25,2,0.0001,0.5,25,100,0.541237946
25,1,0.0001,0.75,25,50,0.540908235
50,2,1.00E-05,0.5,45,100,0.540860172
10,1,1.00E-05,0.9,45,25,0.540715022
50,3,0.0001,0.75,25,50,0.540527577
10,2,0.0001,0.5,25,25,0.540463172
50,2,1.00E-05,0.5,65,100,0.540313216
10,3,1.00E-05,0.75,25,100,0.540194981
50,3,1.00E-05,0.75,25,100,0.539940248
10,3,1.00E-05,0.9,65,50,0.539763377
50,3,1.00E-05,0.75,25,25,0.53971243
10,1,0.0001,0.5,25,25,0.539181816
50,2,1.00E-05,0.5,25,50,0.538892478
50,2,1.00E-05,0.75,65,100,0.538549309
50,1,0.0001,0.5,25,100,0.538457989
50,1,1.00E-05,0.5,25,25,0.537873545
10,2,1.00E-05,0.75,45,100,0.537621695
10,3,0.0001,0.9,25,25,0.537326589
10,2,0.0001,0.5,45,50,0.536908442
25,2,0.0001,0.5,45,100,0.536908442
10,3,1.00E-05,0.5,45,100,0.536683508
25,1,1.00E-05,0.5,25,50,0.536565273
25,1,0.0001,0.5,45,100,0.535664575
50,3,1.00E-05,0.9,25,50,0.535522309
50,2,1.00E-05,0.75,25,50,0.535042641
25,3,1.00E-05,0.75,65,50,0.53486577
10,1,0.0001,0.9,25,100,0.534216921
10,3,1.00E-05,0.5,65,100,0.534155401
10,1,0.0001,0.5,45,100,0.533683423
50,1,0.0001,0.75,25,100,0.533340254
25,2,1.00E-05,0.5,45,50,0.532999969
10,3,1.00E-05,0.9,25,25,0.53245013
10,2,1.00E-05,0.75,65,25,0.532160791
25,2,1.00E-05,0.75,45,25,0.532147334
10,2,0.0001,0.9,45,50,0.531294698
25,3,1.00E-05,0.75,65,100,0.53106688
50,2,1.00E-05,0.9,25,100,0.530900583
10,3,1.00E-05,0.75,45,100,0.530471862
50,2,1.00E-05,0.75,45,25,0.530458404
10,2,1.00E-05,0.5,45,100,0.529989311
50,3,1.00E-05,0.75,45,100,0.529598079
10,3,1.00E-05,0.9,45,50,0.529452929
10,3,0.0001,0.5,25,100,0.529404866
10,3,0.0001,0.9,45,100,0.529174164
10,3,1.00E-05,0.75,65,50,0.528616635
25,2,1.00E-05,0.5,45,25,0.528463795
10,2,0.0001,0.75,45,50,0.528185031
50,3,1.00E-05,0.75,45,25,0.527640959
50,1,1.00E-05,0.5,45,50,0.527600586
25,1,1.00E-05,0.9,25,50,0.52745063
50,3,1.00E-05,0.5,65,25,0.52668643
10,2,1.00E-05,0.9,45,50,0.526112559
25,2,1.00E-05,0.9,25,25,0.526051039
10,3,1.00E-05,0.75,65,100,0.525989518
50,3,1.00E-05,0.9,65,100,0.525952029
50,2,1.00E-05,0.75,25,25,0.525680955
25,3,1.00E-05,0.9,45,25,0.525418532
25,1,1.00E-05,0.5,65,25,0.524236185
10,1,0.0001,0.5,65,100,0.52375075
10,2,1.00E-05,0.75,25,100,0.523713261
50,3,1.00E-05,0.5,65,50,0.523600794
25,2,1.00E-05,0.75,25,25,0.523552731
10,3,0.0001,0.75,25,100,0.523322029
25,2,1.00E-05,0.75,65,25,0.522024331
25,2,1.00E-05,0.9,45,25,0.521670589
50,3,1.00E-05,0.75,25,50,0.521048655
50,1,1.00E-05,0.75,25,50,0.519223227
50,2,1.00E-05,0.75,65,25,0.518952152
10,2,1.00E-05,0.9,25,25,0.518823344
50,2,1.00E-05,0.75,45,100,0.518683962
10,2,1.00E-05,0.5,65,50,0.518252357
10,2,1.00E-05,0.5,65,100,0.518228326
25,3,1.00E-05,0.9,25,100,0.51820141
25,1,1.00E-05,0.75,45,100,0.517616966
10,1,1.00E-05,0.5,25,25,0.517501615
25,2,1.00E-05,0.9,65,100,0.517174787
10,3,1.00E-05,0.5,25,25,0.517120957
10,1,1.00E-05,0.5,45,50,0.517019064
25,2,1.00E-05,0.9,65,25,0.516896023
10,1,1.00E-05,0.5,65,25,0.516828735
50,1,1.00E-05,0.75,45,25,0.516692236
25,2,1.00E-05,0.75,45,50,0.516474992
10,3,1.00E-05,0.5,65,25,0.51639713
25,3,1.00E-05,0.9,45,100,0.515882857
25,2,1.00E-05,0.9,45,50,0.515737707
25,2,1.00E-05,0.5,25,25,0.515611783
10,1,1.00E-05,0.75,45,100,0.51557141
50,3,1.00E-05,0.5,25,25,0.515234009
25,2,1.00E-05,0.75,65,50,0.513987258
25,1,1.00E-05,0.5,25,25,0.513976684
25,1,0.0001,0.75,25,100,0.513504706
25,2,1.00E-05,0.75,25,50,0.513491249
10,1,1.00E-05,0.5,45,100,0.512625156
25,1,0.0001,0.5,25,50,0.512400221
50,1,1.00E-05,0.5,25,100,0.512212776
10,2,1.00E-05,0.75,45,50,0.511571618
25,1,1.00E-05,0.9,65,100,0.51139763
50,2,1.00E-05,0.5,25,25,0.511193843
10,2,0.0001,0.9,25,100,0.510840101
10,3,1.00E-05,0.9,65,100,0.510371007
50,2,1.00E-05,0.5,65,25,0.510279687
50,1,1.00E-05,0.5,65,100,0.510252772
50,1,1.00E-05,0.9,45,100,0.510164337
50,1,1.00E-05,0.9,65,50,0.50986154
10,2,1.00E-05,0.75,25,25,0.509617381
50,2,1.00E-05,0.75,45,50,0.50944051
50,3,1.00E-05,0.9,65,25,0.509110798
50,1,1.00E-05,0.5,65,25,0.509022363
10,2,0.0001,0.5,65,50,0.508931043
10,2,1.00E-05,0.9,25,100,0.508563843
50,1,1.00E-05,0.9,25,100,0.508186069
25,3,0.0001,0.9,25,100,0.508043803
10,2,0.0001,0.5,25,100,0.507612198
10,1,0.0001,0.75,45,100,0.506976807
50,2,0.0001,0.9,25,50,0.506684585
25,3,1.00E-05,0.9,65,50,0.50655866
50,2,1.00E-05,0.9,45,100,0.506357757
50,2,1.00E-05,0.5,65,50,0.505821375
25,3,1.00E-05,0.5,65,100,0.505770429
10,2,1.00E-05,0.75,65,100,0.505756971
10,1,1.00E-05,0.75,65,50,0.505161953
50,3,1.00E-05,0.5,25,100,0.504910103
25,2,1.00E-05,0.5,65,50,0.504818784
10,1,0.0001,0.75,65,100,0.504740922
10,2,1.00E-05,0.75,65,50,0.504665944
50,1,1.00E-05,0.5,45,100,0.50460154
10,2,1.00E-05,0.5,45,50,0.504499646
25,3,1.00E-05,0.9,65,25,0.504435242
10,1,0.0001,0.9,45,100,0.504030553
10,3,1.00E-05,0.75,45,25,0.503826766
10,3,0.0001,0.5,25,25,0.503687384
10,3,0.0001,0.9,45,50,0.503548001
10,1,0.0001,0.9,25,25,0.503534544
25,2,1.00E-05,0.75,25,100,0.503354789
25,3,1.00E-05,0.75,25,50,0.503054876
50,3,1.00E-05,0.5,45,25,0.503027961
25,1,0.0001,0.5,25,100,0.502963557
25,3,1.00E-05,0.5,25,50,0.502406027
25,1,1.00E-05,0.9,45,50,0.502331049
50,1,1.00E-05,0.5,45,25,0.500985289
10,2,1.00E-05,0.9,25,50,0.500880512
10,2,1.00E-05,0.5,25,100,0.500757471
10,2,1.00E-05,0.9,65,25,0.500717098
50,1,1.00E-05,0.75,45,100,0.500173026
10,2,1.00E-05,0.9,65,50,0.499856773
10,2,0.0001,0.5,25,50,0.499751996
50,2,1.00E-05,0.9,45,50,0.499738538
10,3,1.00E-05,0.9,65,25,0.499347306
25,1,1.00E-05,0.5,45,50,0.499306933
50,3,1.00E-05,0.9,45,50,0.499076232
10,3,1.00E-05,0.9,25,100,0.498786893
25,1,1.00E-05,0.75,25,100,0.498443724
10,2,1.00E-05,0.75,45,25,0.498409119
10,3,1.00E-05,0.75,45,50,0.498395661
10,3,1.00E-05,0.75,25,50,0.498382204
10,3,0.0001,0.75,45,100,0.49837932
10,1,0.0001,0.75,25,25,0.498328373
10,2,1.00E-05,0.5,65,25,0.497655493
50,3,1.00E-05,0.75,45,50,0.497250804
10,3,1.00E-05,0.75,25,25,0.497090274
50,1,1.00E-05,0.9,25,50,0.496985497
10,3,1.00E-05,0.5,65,50,0.496074224
10,1,1.00E-05,0.75,45,25,0.495789692
10,1,0.0001,0.9,45,50,0.495521501
25,1,1.00E-05,0.9,45,100,0.495371545
50,1,1.00E-05,0.9,45,50,0.494430474
50,2,1.00E-05,0.5,45,50,0.494291092
10,1,1.00E-05,0.5,45,25,0.492843438
50,3,1.00E-05,0.75,65,50,0.492336855
50,3,1.00E-05,0.9,25,100,0.491787016
25,1,1.00E-05,0.75,45,50,0.491114136
25,2,1.00E-05,0.5,65,100,0.490821914
10,1,1.00E-05,0.5,65,50,0.490671957
10,1,1.00E-05,0.5,25,100,0.490393193
25,3,1.00E-05,0.75,25,25,0.490149033
25,2,1.00E-05,0.5,45,100,0.4895271
50,1,1.00E-05,0.75,45,50,0.488704263
25,3,1.00E-05,0.9,25,50,0.488358211
10,2,1.00E-05,0.9,45,25,0.487953521
25,3,1.00E-05,0.5,65,50,0.487141259
50,2,1.00E-05,0.9,25,25,0.487079738
25,3,1.00E-05,0.5,45,100,0.486733686
25,3,1.00E-05,0.5,25,100,0.486452037
25,2,1.00E-05,0.9,45,100,0.485948338
50,3,1.00E-05,0.5,25,50,0.485798382
25,2,1.00E-05,0.9,25,50,0.48572052
25,3,1.00E-05,0.75,25,100,0.485275458
25,1,1.00E-05,0.75,65,100,0.485085129
50,1,1.00E-05,0.75,65,50,0.484881342
25,2,1.00E-05,0.5,25,100,0.484205578
25,2,1.00E-05,0.75,45,100,0.484144058
50,1,1.00E-05,0.75,25,100,0.483905666
10,3,0.0001,0.75,25,25,0.482645457
10,1,1.00E-05,0.75,65,100,0.481935088
50,3,1.00E-05,0.9,25,25,0.481897599
10,2,1.00E-05,0.5,25,25,0.481819737
10,2,1.00E-05,0.5,25,50,0.481615951
10,2,1.00E-05,0.9,45,100,0.481570772
25,2,0.0001,0.75,25,100,0.481337186
10,1,1.00E-05,0.75,45,50,0.480219244
10,3,1.00E-05,0.5,25,100,0.479583852
25,1,1.00E-05,0.9,65,25,0.479012865
25,2,1.00E-05,0.5,25,50,0.478431305
10,1,1.00E-05,0.9,45,100,0.477806487
50,3,1.00E-05,0.5,45,100,0.477323936
10,1,1.00E-05,0.75,25,50,0.477058629
10,1,1.00E-05,0.9,25,50,0.476576078
10,3,1.00E-05,0.5,45,50,0.475967602
25,3,1.00E-05,0.75,65,25,0.475243775
10,1,1.00E-05,0.75,25,100,0.475128424
25,1,1.00E-05,0.75,65,50,0.474482459
50,2,1.00E-05,0.5,45,25,0.474166205
25,2,1.00E-05,0.75,65,100,0.473605792
25,1,1.00E-05,0.5,45,100,0.473045379
25,1,1.00E-05,0.75,65,25,0.471689045
25,1,1.00E-05,0.5,25,100,0.469833818
10,3,1.00E-05,0.9,45,100,0.469324351
25,2,1.00E-05,0.9,25,100,0.468984066
25,3,1.00E-05,0.5,45,50,0.468895631
10,1,0.0001,0.5,25,50,0.468638014
10,3,1.00E-05,0.5,25,50,0.468120857
50,1,1.00E-05,0.5,65,50,0.465732132
25,1,1.00E-05,0.5,65,50,0.465364932
50,3,1.00E-05,0.9,45,100,0.46317711
25,3,1.00E-05,0.75,45,25,0.461338224
25,1,1.00E-05,0.9,25,100,0.460308717
25,3,1.00E-05,0.75,45,50,0.455748512
10,3,1.00E-05,0.9,45,25,0.455660076
50,2,1.00E-05,0.9,25,50,0.453603947
25,3,1.00E-05,0.75,45,100,0.447497078
50,2,1.00E-05,0.9,65,100,0.4451593
50,3,1.00E-05,0.9,65,50,0.413613713
